series_key,as_of_date,category
CIVPART,2020-01-02,boundary_start_pre_canonical_coverage
CPI_Core,2020-01-02,boundary_start_pre_canonical_coverage
CPI_Headline,2020-01-02,boundary_start_pre_canonical_coverage
Gasoline_US_Regular,2020-01-02,boundary_start_pre_canonical_coverage
ICSA,2020-01-02,boundary_start_pre_canonical_coverage
U6RATE,2020-01-02,boundary_start_pre_canonical_coverage
UNRATE,2020-01-02,boundary_start_pre_canonical_coverage
CIVPART,2020-01-03,boundary_start_pre_canonical_coverage
CPI_Core,2020-01-03,boundary_start_pre_canonical_coverage
CPI_Headline,2020-01-03,boundary_start_pre_canonical_coverage
Gasoline_US_Regular,2020-01-03,boundary_start_pre_canonical_coverage
ICSA,2020-01-03,boundary_start_pre_canonical_coverage
U6RATE,2020-01-03,boundary_start_pre_canonical_coverage
UNRATE,2020-01-03,boundary_start_pre_canonical_coverage
CIVPART,2020-01-06,boundary_start_pre_canonical_coverage
CPI_Core,2020-01-06,boundary_start_pre_canonical_coverage
CPI_Headline,2020-01-06,boundary_start_pre_canonical_coverage
ICSA,2020-01-06,boundary_start_pre_canonical_coverage
U6RATE,2020-01-06,boundary_start_pre_canonical_coverage
UNRATE,2020-01-06,boundary_start_pre_canonical_coverage
CIVPART,2020-01-07,boundary_start_pre_canonical_coverage
CPI_Core,2020-01-07,boundary_start_pre_canonical_coverage
CPI_Headline,2020-01-07,boundary_start_pre_canonical_coverage
ICSA,2020-01-07,boundary_start_pre_canonical_coverage
U6RATE,2020-01-07,boundary_start_pre_canonical_coverage
UNRATE,2020-01-07,boundary_start_pre_canonical_coverage
CIVPART,2020-01-08,boundary_start_pre_canonical_coverage
CPI_Core,2020-01-08,boundary_start_pre_canonical_coverage
CPI_Headline,2020-01-08,boundary_start_pre_canonical_coverage
ICSA,2020-01-08,boundary_start_pre_canonical_coverage
U6RATE,2020-01-08,boundary_start_pre_canonical_coverage
UNRATE,2020-01-08,boundary_start_pre_canonical_coverage
CIVPART,2020-01-09,boundary_start_pre_canonical_coverage
CPI_Core,2020-01-09,boundary_start_pre_canonical_coverage
CPI_Headline,2020-01-09,boundary_start_pre_canonical_coverage
U6RATE,2020-01-09,boundary_start_pre_canonical_coverage
UNRATE,2020-01-09,boundary_start_pre_canonical_coverage
CIVPART,2020-01-10,boundary_start_pre_canonical_coverage
CPI_Core,2020-01-10,boundary_start_pre_canonical_coverage
CPI_Headline,2020-01-10,boundary_start_pre_canonical_coverage
U6RATE,2020-01-10,boundary_start_pre_canonical_coverage
UNRATE,2020-01-10,boundary_start_pre_canonical_coverage
CIVPART,2020-01-13,boundary_start_pre_canonical_coverage
CPI_Core,2020-01-13,boundary_start_pre_canonical_coverage
CPI_Headline,2020-01-13,boundary_start_pre_canonical_coverage
U6RATE,2020-01-13,boundary_start_pre_canonical_coverage
UNRATE,2020-01-13,boundary_start_pre_canonical_coverage
CIVPART,2020-01-14,boundary_start_pre_canonical_coverage
CPI_Core,2020-01-14,boundary_start_pre_canonical_coverage
CPI_Headline,2020-01-14,boundary_start_pre_canonical_coverage
U6RATE,2020-01-14,boundary_start_pre_canonical_coverage
UNRATE,2020-01-14,boundary_start_pre_canonical_coverage
CIVPART,2020-01-15,boundary_start_pre_canonical_coverage
CPI_Core,2020-01-15,boundary_start_pre_canonical_coverage
CPI_Headline,2020-01-15,boundary_start_pre_canonical_coverage
U6RATE,2020-01-15,boundary_start_pre_canonical_coverage
UNRATE,2020-01-15,boundary_start_pre_canonical_coverage
CIVPART,2020-01-16,boundary_start_pre_canonical_coverage
CPI_Core,2020-01-16,boundary_start_pre_canonical_coverage
CPI_Headline,2020-01-16,boundary_start_pre_canonical_coverage
U6RATE,2020-01-16,boundary_start_pre_canonical_coverage
UNRATE,2020-01-16,boundary_start_pre_canonical_coverage
CIVPART,2020-01-17,boundary_start_pre_canonical_coverage
CPI_Core,2020-01-17,boundary_start_pre_canonical_coverage
CPI_Headline,2020-01-17,boundary_start_pre_canonical_coverage
U6RATE,2020-01-17,boundary_start_pre_canonical_coverage
UNRATE,2020-01-17,boundary_start_pre_canonical_coverage
CIVPART,2020-01-21,boundary_start_pre_canonical_coverage
CPI_Core,2020-01-21,boundary_start_pre_canonical_coverage
CPI_Headline,2020-01-21,boundary_start_pre_canonical_coverage
U6RATE,2020-01-21,boundary_start_pre_canonical_coverage
UNRATE,2020-01-21,boundary_start_pre_canonical_coverage
CIVPART,2020-01-22,boundary_start_pre_canonical_coverage
CPI_Core,2020-01-22,boundary_start_pre_canonical_coverage
CPI_Headline,2020-01-22,boundary_start_pre_canonical_coverage
U6RATE,2020-01-22,boundary_start_pre_canonical_coverage
UNRATE,2020-01-22,boundary_start_pre_canonical_coverage
CIVPART,2020-01-23,boundary_start_pre_canonical_coverage
CPI_Core,2020-01-23,boundary_start_pre_canonical_coverage
CPI_Headline,2020-01-23,boundary_start_pre_canonical_coverage
U6RATE,2020-01-23,boundary_start_pre_canonical_coverage
UNRATE,2020-01-23,boundary_start_pre_canonical_coverage
CIVPART,2020-01-24,boundary_start_pre_canonical_coverage
CPI_Core,2020-01-24,boundary_start_pre_canonical_coverage
CPI_Headline,2020-01-24,boundary_start_pre_canonical_coverage
U6RATE,2020-01-24,boundary_start_pre_canonical_coverage
UNRATE,2020-01-24,boundary_start_pre_canonical_coverage
CIVPART,2020-01-27,boundary_start_pre_canonical_coverage
CPI_Core,2020-01-27,boundary_start_pre_canonical_coverage
CPI_Headline,2020-01-27,boundary_start_pre_canonical_coverage
U6RATE,2020-01-27,boundary_start_pre_canonical_coverage
UNRATE,2020-01-27,boundary_start_pre_canonical_coverage
CIVPART,2020-01-28,boundary_start_pre_canonical_coverage
CPI_Core,2020-01-28,boundary_start_pre_canonical_coverage
CPI_Headline,2020-01-28,boundary_start_pre_canonical_coverage
U6RATE,2020-01-28,boundary_start_pre_canonical_coverage
UNRATE,2020-01-28,boundary_start_pre_canonical_coverage
CIVPART,2020-01-29,boundary_start_pre_canonical_coverage
CPI_Core,2020-01-29,boundary_start_pre_canonical_coverage
CPI_Headline,2020-01-29,boundary_start_pre_canonical_coverage
U6RATE,2020-01-29,boundary_start_pre_canonical_coverage
UNRATE,2020-01-29,boundary_start_pre_canonical_coverage
CIVPART,2020-01-30,boundary_start_pre_canonical_coverage
CPI_Core,2020-01-30,boundary_start_pre_canonical_coverage
CPI_Headline,2020-01-30,boundary_start_pre_canonical_coverage
U6RATE,2020-01-30,boundary_start_pre_canonical_coverage
UNRATE,2020-01-30,boundary_start_pre_canonical_coverage
CIVPART,2020-01-31,boundary_start_pre_canonical_coverage
CPI_Core,2020-01-31,boundary_start_pre_canonical_coverage
CPI_Headline,2020-01-31,boundary_start_pre_canonical_coverage
U6RATE,2020-01-31,boundary_start_pre_canonical_coverage
UNRATE,2020-01-31,boundary_start_pre_canonical_coverage
CIVPART,2020-02-03,boundary_start_pre_canonical_coverage
CPI_Core,2020-02-03,boundary_start_pre_canonical_coverage
CPI_Headline,2020-02-03,boundary_start_pre_canonical_coverage
U6RATE,2020-02-03,boundary_start_pre_canonical_coverage
UNRATE,2020-02-03,boundary_start_pre_canonical_coverage
CIVPART,2020-02-04,boundary_start_pre_canonical_coverage
CPI_Core,2020-02-04,boundary_start_pre_canonical_coverage
CPI_Headline,2020-02-04,boundary_start_pre_canonical_coverage
U6RATE,2020-02-04,boundary_start_pre_canonical_coverage
UNRATE,2020-02-04,boundary_start_pre_canonical_coverage
CIVPART,2020-02-05,boundary_start_pre_canonical_coverage
CPI_Core,2020-02-05,boundary_start_pre_canonical_coverage
CPI_Headline,2020-02-05,boundary_start_pre_canonical_coverage
U6RATE,2020-02-05,boundary_start_pre_canonical_coverage
UNRATE,2020-02-05,boundary_start_pre_canonical_coverage
CIVPART,2020-02-06,boundary_start_pre_canonical_coverage
CPI_Core,2020-02-06,boundary_start_pre_canonical_coverage
CPI_Headline,2020-02-06,boundary_start_pre_canonical_coverage
U6RATE,2020-02-06,boundary_start_pre_canonical_coverage
UNRATE,2020-02-06,boundary_start_pre_canonical_coverage
CPI_Core,2020-02-07,boundary_start_pre_canonical_coverage
CPI_Headline,2020-02-07,boundary_start_pre_canonical_coverage
CPI_Core,2020-02-10,boundary_start_pre_canonical_coverage
CPI_Headline,2020-02-10,boundary_start_pre_canonical_coverage
CPI_Core,2020-02-11,boundary_start_pre_canonical_coverage
CPI_Headline,2020-02-11,boundary_start_pre_canonical_coverage
CPI_Core,2020-02-12,boundary_start_pre_canonical_coverage
CPI_Headline,2020-02-12,boundary_start_pre_canonical_coverage
CIVPART,2020-03-05,canonical_stale_null_policy
CPI_Core,2020-03-05,canonical_stale_null_policy
CPI_Headline,2020-03-05,canonical_stale_null_policy
U6RATE,2020-03-05,canonical_stale_null_policy
UNRATE,2020-03-05,canonical_stale_null_policy
CPI_Core,2020-03-06,canonical_stale_null_policy
CPI_Headline,2020-03-06,canonical_stale_null_policy
CPI_Core,2020-03-09,canonical_stale_null_policy
CPI_Headline,2020-03-09,canonical_stale_null_policy
CPI_Core,2020-03-10,canonical_stale_null_policy
CPI_Headline,2020-03-10,canonical_stale_null_policy
CPI_Core,2020-04-07,canonical_stale_null_policy
CPI_Headline,2020-04-07,canonical_stale_null_policy
CPI_Core,2020-04-08,canonical_stale_null_policy
CPI_Headline,2020-04-08,canonical_stale_null_policy
CPI_Core,2020-04-09,canonical_stale_null_policy
CPI_Headline,2020-04-09,canonical_stale_null_policy
CIVPART,2020-05-05,canonical_stale_null_policy
CPI_Core,2020-05-05,canonical_stale_null_policy
CPI_Headline,2020-05-05,canonical_stale_null_policy
U6RATE,2020-05-05,canonical_stale_null_policy
UNRATE,2020-05-05,canonical_stale_null_policy
CIVPART,2020-05-06,canonical_stale_null_policy
CPI_Core,2020-05-06,canonical_stale_null_policy
CPI_Headline,2020-05-06,canonical_stale_null_policy
U6RATE,2020-05-06,canonical_stale_null_policy
UNRATE,2020-05-06,canonical_stale_null_policy
CIVPART,2020-05-07,canonical_stale_null_policy
CPI_Core,2020-05-07,canonical_stale_null_policy
CPI_Headline,2020-05-07,canonical_stale_null_policy
U6RATE,2020-05-07,canonical_stale_null_policy
UNRATE,2020-05-07,canonical_stale_null_policy
CPI_Core,2020-05-08,canonical_stale_null_policy
CPI_Headline,2020-05-08,canonical_stale_null_policy
CPI_Core,2020-05-11,canonical_stale_null_policy
CPI_Headline,2020-05-11,canonical_stale_null_policy
CIVPART,2020-06-04,canonical_stale_null_policy
CPI_Core,2020-06-04,canonical_stale_null_policy
CPI_Headline,2020-06-04,canonical_stale_null_policy
U6RATE,2020-06-04,canonical_stale_null_policy
UNRATE,2020-06-04,canonical_stale_null_policy
CPI_Core,2020-06-05,canonical_stale_null_policy
CPI_Headline,2020-06-05,canonical_stale_null_policy
CPI_Core,2020-06-08,canonical_stale_null_policy
CPI_Headline,2020-06-08,canonical_stale_null_policy
CPI_Core,2020-06-09,canonical_stale_null_policy
CPI_Headline,2020-06-09,canonical_stale_null_policy
CPI_Core,2020-07-06,canonical_stale_null_policy
CPI_Headline,2020-07-06,canonical_stale_null_policy
CPI_Core,2020-07-07,canonical_stale_null_policy
CPI_Headline,2020-07-07,canonical_stale_null_policy
CPI_Core,2020-07-08,canonical_stale_null_policy
CPI_Headline,2020-07-08,canonical_stale_null_policy
CPI_Core,2020-07-09,canonical_stale_null_policy
CPI_Headline,2020-07-09,canonical_stale_null_policy
CPI_Core,2020-07-10,canonical_stale_null_policy
CPI_Headline,2020-07-10,canonical_stale_null_policy
CPI_Core,2020-07-13,canonical_stale_null_policy
CPI_Headline,2020-07-13,canonical_stale_null_policy
CIVPART,2020-08-04,canonical_stale_null_policy
CPI_Core,2020-08-04,canonical_stale_null_policy
CPI_Headline,2020-08-04,canonical_stale_null_policy
U6RATE,2020-08-04,canonical_stale_null_policy
UNRATE,2020-08-04,canonical_stale_null_policy
CIVPART,2020-08-05,canonical_stale_null_policy
CPI_Core,2020-08-05,canonical_stale_null_policy
CPI_Headline,2020-08-05,canonical_stale_null_policy
U6RATE,2020-08-05,canonical_stale_null_policy
UNRATE,2020-08-05,canonical_stale_null_policy
CIVPART,2020-08-06,canonical_stale_null_policy
CPI_Core,2020-08-06,canonical_stale_null_policy
CPI_Headline,2020-08-06,canonical_stale_null_policy
U6RATE,2020-08-06,canonical_stale_null_policy
UNRATE,2020-08-06,canonical_stale_null_policy
CPI_Core,2020-08-07,canonical_stale_null_policy
CPI_Headline,2020-08-07,canonical_stale_null_policy
CPI_Core,2020-08-10,canonical_stale_null_policy
CPI_Headline,2020-08-10,canonical_stale_null_policy
CPI_Core,2020-08-11,canonical_stale_null_policy
CPI_Headline,2020-08-11,canonical_stale_null_policy
CIVPART,2020-09-03,canonical_stale_null_policy
CPI_Core,2020-09-03,canonical_stale_null_policy
CPI_Headline,2020-09-03,canonical_stale_null_policy
U6RATE,2020-09-03,canonical_stale_null_policy
UNRATE,2020-09-03,canonical_stale_null_policy
CPI_Core,2020-09-04,canonical_stale_null_policy
CPI_Headline,2020-09-04,canonical_stale_null_policy
CPI_Core,2020-09-08,canonical_stale_null_policy
CPI_Headline,2020-09-08,canonical_stale_null_policy
CPI_Core,2020-09-09,canonical_stale_null_policy
CPI_Headline,2020-09-09,canonical_stale_null_policy
CPI_Core,2020-09-10,canonical_stale_null_policy
CPI_Headline,2020-09-10,canonical_stale_null_policy
CPI_Core,2020-10-06,canonical_stale_null_policy
CPI_Headline,2020-10-06,canonical_stale_null_policy
CPI_Core,2020-10-07,canonical_stale_null_policy
CPI_Headline,2020-10-07,canonical_stale_null_policy
CPI_Core,2020-10-08,canonical_stale_null_policy
CPI_Headline,2020-10-08,canonical_stale_null_policy
CPI_Core,2020-10-09,canonical_stale_null_policy
CPI_Headline,2020-10-09,canonical_stale_null_policy
CIVPART,2020-11-04,canonical_stale_null_policy
CPI_Core,2020-11-04,canonical_stale_null_policy
CPI_Headline,2020-11-04,canonical_stale_null_policy
U6RATE,2020-11-04,canonical_stale_null_policy
UNRATE,2020-11-04,canonical_stale_null_policy
CIVPART,2020-11-05,canonical_stale_null_policy
CPI_Core,2020-11-05,canonical_stale_null_policy
CPI_Headline,2020-11-05,canonical_stale_null_policy
U6RATE,2020-11-05,canonical_stale_null_policy
UNRATE,2020-11-05,canonical_stale_null_policy
CPI_Core,2020-11-06,canonical_stale_null_policy
CPI_Headline,2020-11-06,canonical_stale_null_policy
CPI_Core,2020-11-09,canonical_stale_null_policy
CPI_Headline,2020-11-09,canonical_stale_null_policy
CPI_Core,2020-11-10,canonical_stale_null_policy
CPI_Headline,2020-11-10,canonical_stale_null_policy
CPI_Core,2020-12-04,canonical_stale_null_policy
CPI_Headline,2020-12-04,canonical_stale_null_policy
CPI_Core,2020-12-07,canonical_stale_null_policy
CPI_Headline,2020-12-07,canonical_stale_null_policy
CPI_Core,2020-12-08,canonical_stale_null_policy
CPI_Headline,2020-12-08,canonical_stale_null_policy
CPI_Core,2020-12-09,canonical_stale_null_policy
CPI_Headline,2020-12-09,canonical_stale_null_policy
CIVPART,2021-01-05,canonical_stale_null_policy
CPI_Core,2021-01-05,canonical_stale_null_policy
CPI_Headline,2021-01-05,canonical_stale_null_policy
U6RATE,2021-01-05,canonical_stale_null_policy
UNRATE,2021-01-05,canonical_stale_null_policy
CIVPART,2021-01-06,canonical_stale_null_policy
CPI_Core,2021-01-06,canonical_stale_null_policy
CPI_Headline,2021-01-06,canonical_stale_null_policy
U6RATE,2021-01-06,canonical_stale_null_policy
UNRATE,2021-01-06,canonical_stale_null_policy
CIVPART,2021-01-07,canonical_stale_null_policy
CPI_Core,2021-01-07,canonical_stale_null_policy
CPI_Headline,2021-01-07,canonical_stale_null_policy
U6RATE,2021-01-07,canonical_stale_null_policy
UNRATE,2021-01-07,canonical_stale_null_policy
CPI_Core,2021-01-08,canonical_stale_null_policy
CPI_Headline,2021-01-08,canonical_stale_null_policy
CPI_Core,2021-01-11,canonical_stale_null_policy
CPI_Headline,2021-01-11,canonical_stale_null_policy
CPI_Core,2021-01-12,canonical_stale_null_policy
CPI_Headline,2021-01-12,canonical_stale_null_policy
CIVPART,2021-02-03,canonical_stale_null_policy
CPI_Core,2021-02-03,canonical_stale_null_policy
CPI_Headline,2021-02-03,canonical_stale_null_policy
U6RATE,2021-02-03,canonical_stale_null_policy
UNRATE,2021-02-03,canonical_stale_null_policy
CIVPART,2021-02-04,canonical_stale_null_policy
CPI_Core,2021-02-04,canonical_stale_null_policy
CPI_Headline,2021-02-04,canonical_stale_null_policy
U6RATE,2021-02-04,canonical_stale_null_policy
UNRATE,2021-02-04,canonical_stale_null_policy
CPI_Core,2021-02-05,canonical_stale_null_policy
CPI_Headline,2021-02-05,canonical_stale_null_policy
CPI_Core,2021-02-08,canonical_stale_null_policy
CPI_Headline,2021-02-08,canonical_stale_null_policy
CPI_Core,2021-02-09,canonical_stale_null_policy
CPI_Headline,2021-02-09,canonical_stale_null_policy
CPI_Core,2021-03-08,canonical_stale_null_policy
CPI_Headline,2021-03-08,canonical_stale_null_policy
CPI_Core,2021-03-09,canonical_stale_null_policy
CPI_Headline,2021-03-09,canonical_stale_null_policy
CPI_Core,2021-04-06,canonical_stale_null_policy
CPI_Headline,2021-04-06,canonical_stale_null_policy
CPI_Core,2021-04-07,canonical_stale_null_policy
CPI_Headline,2021-04-07,canonical_stale_null_policy
CPI_Core,2021-04-08,canonical_stale_null_policy
CPI_Headline,2021-04-08,canonical_stale_null_policy
CPI_Core,2021-04-09,canonical_stale_null_policy
CPI_Headline,2021-04-09,canonical_stale_null_policy
CPI_Core,2021-04-12,canonical_stale_null_policy
CPI_Headline,2021-04-12,canonical_stale_null_policy
CIVPART,2021-05-04,canonical_stale_null_policy
CPI_Core,2021-05-04,canonical_stale_null_policy
CPI_Headline,2021-05-04,canonical_stale_null_policy
U6RATE,2021-05-04,canonical_stale_null_policy
UNRATE,2021-05-04,canonical_stale_null_policy
CIVPART,2021-05-05,canonical_stale_null_policy
CPI_Core,2021-05-05,canonical_stale_null_policy
CPI_Headline,2021-05-05,canonical_stale_null_policy
U6RATE,2021-05-05,canonical_stale_null_policy
UNRATE,2021-05-05,canonical_stale_null_policy
CIVPART,2021-05-06,canonical_stale_null_policy
CPI_Core,2021-05-06,canonical_stale_null_policy
CPI_Headline,2021-05-06,canonical_stale_null_policy
U6RATE,2021-05-06,canonical_stale_null_policy
UNRATE,2021-05-06,canonical_stale_null_policy
CPI_Core,2021-05-07,canonical_stale_null_policy
CPI_Headline,2021-05-07,canonical_stale_null_policy
CPI_Core,2021-05-10,canonical_stale_null_policy
CPI_Headline,2021-05-10,canonical_stale_null_policy
CPI_Core,2021-05-11,canonical_stale_null_policy
CPI_Headline,2021-05-11,canonical_stale_null_policy
CPI_Core,2021-06-04,canonical_stale_null_policy
CPI_Headline,2021-06-04,canonical_stale_null_policy
CPI_Core,2021-06-07,canonical_stale_null_policy
CPI_Headline,2021-06-07,canonical_stale_null_policy
CPI_Core,2021-06-08,canonical_stale_null_policy
CPI_Headline,2021-06-08,canonical_stale_null_policy
CPI_Core,2021-06-09,canonical_stale_null_policy
CPI_Headline,2021-06-09,canonical_stale_null_policy
CPI_Core,2021-07-06,canonical_stale_null_policy
CPI_Headline,2021-07-06,canonical_stale_null_policy
CPI_Core,2021-07-07,canonical_stale_null_policy
CPI_Headline,2021-07-07,canonical_stale_null_policy
CPI_Core,2021-07-08,canonical_stale_null_policy
CPI_Headline,2021-07-08,canonical_stale_null_policy
CPI_Core,2021-07-09,canonical_stale_null_policy
CPI_Headline,2021-07-09,canonical_stale_null_policy
CPI_Core,2021-07-12,canonical_stale_null_policy
CPI_Headline,2021-07-12,canonical_stale_null_policy
CIVPART,2021-08-04,canonical_stale_null_policy
CPI_Core,2021-08-04,canonical_stale_null_policy
CPI_Headline,2021-08-04,canonical_stale_null_policy
U6RATE,2021-08-04,canonical_stale_null_policy
UNRATE,2021-08-04,canonical_stale_null_policy
CIVPART,2021-08-05,canonical_stale_null_policy
CPI_Core,2021-08-05,canonical_stale_null_policy
CPI_Headline,2021-08-05,canonical_stale_null_policy
U6RATE,2021-08-05,canonical_stale_null_policy
UNRATE,2021-08-05,canonical_stale_null_policy
CPI_Core,2021-08-06,canonical_stale_null_policy
CPI_Headline,2021-08-06,canonical_stale_null_policy
CPI_Core,2021-08-09,canonical_stale_null_policy
CPI_Headline,2021-08-09,canonical_stale_null_policy
CPI_Core,2021-08-10,canonical_stale_null_policy
CPI_Headline,2021-08-10,canonical_stale_null_policy
CPI_Core,2021-09-03,canonical_stale_null_policy
CPI_Headline,2021-09-03,canonical_stale_null_policy
CPI_Core,2021-09-07,canonical_stale_null_policy
CPI_Headline,2021-09-07,canonical_stale_null_policy
CPI_Core,2021-09-08,canonical_stale_null_policy
CPI_Headline,2021-09-08,canonical_stale_null_policy
CPI_Core,2021-09-09,canonical_stale_null_policy
CPI_Headline,2021-09-09,canonical_stale_null_policy
CPI_Core,2021-09-10,canonical_stale_null_policy
CPI_Headline,2021-09-10,canonical_stale_null_policy
CPI_Core,2021-09-13,canonical_stale_null_policy
CPI_Headline,2021-09-13,canonical_stale_null_policy
CIVPART,2021-10-05,canonical_stale_null_policy
CPI_Core,2021-10-05,canonical_stale_null_policy
CPI_Headline,2021-10-05,canonical_stale_null_policy
U6RATE,2021-10-05,canonical_stale_null_policy
UNRATE,2021-10-05,canonical_stale_null_policy
CIVPART,2021-10-06,canonical_stale_null_policy
CPI_Core,2021-10-06,canonical_stale_null_policy
CPI_Headline,2021-10-06,canonical_stale_null_policy
U6RATE,2021-10-06,canonical_stale_null_policy
UNRATE,2021-10-06,canonical_stale_null_policy
CIVPART,2021-10-07,canonical_stale_null_policy
CPI_Core,2021-10-07,canonical_stale_null_policy
CPI_Headline,2021-10-07,canonical_stale_null_policy
U6RATE,2021-10-07,canonical_stale_null_policy
UNRATE,2021-10-07,canonical_stale_null_policy
CPI_Core,2021-10-08,canonical_stale_null_policy
CPI_Headline,2021-10-08,canonical_stale_null_policy
CPI_Core,2021-10-12,canonical_stale_null_policy
CPI_Headline,2021-10-12,canonical_stale_null_policy
CIVPART,2021-11-04,canonical_stale_null_policy
CPI_Core,2021-11-04,canonical_stale_null_policy
CPI_Headline,2021-11-04,canonical_stale_null_policy
U6RATE,2021-11-04,canonical_stale_null_policy
UNRATE,2021-11-04,canonical_stale_null_policy
CPI_Core,2021-11-05,canonical_stale_null_policy
CPI_Headline,2021-11-05,canonical_stale_null_policy
CPI_Core,2021-11-08,canonical_stale_null_policy
CPI_Headline,2021-11-08,canonical_stale_null_policy
CPI_Core,2021-11-09,canonical_stale_null_policy
CPI_Headline,2021-11-09,canonical_stale_null_policy
CPI_Core,2021-12-06,canonical_stale_null_policy
CPI_Headline,2021-12-06,canonical_stale_null_policy
CPI_Core,2021-12-07,canonical_stale_null_policy
CPI_Headline,2021-12-07,canonical_stale_null_policy
CPI_Core,2021-12-08,canonical_stale_null_policy
CPI_Headline,2021-12-08,canonical_stale_null_policy
CPI_Core,2021-12-09,canonical_stale_null_policy
CPI_Headline,2021-12-09,canonical_stale_null_policy
CIVPART,2022-01-04,canonical_stale_null_policy
CPI_Core,2022-01-04,canonical_stale_null_policy
CPI_Headline,2022-01-04,canonical_stale_null_policy
U6RATE,2022-01-04,canonical_stale_null_policy
UNRATE,2022-01-04,canonical_stale_null_policy
CIVPART,2022-01-05,canonical_stale_null_policy
CPI_Core,2022-01-05,canonical_stale_null_policy
CPI_Headline,2022-01-05,canonical_stale_null_policy
U6RATE,2022-01-05,canonical_stale_null_policy
UNRATE,2022-01-05,canonical_stale_null_policy
CIVPART,2022-01-06,canonical_stale_null_policy
CPI_Core,2022-01-06,canonical_stale_null_policy
CPI_Headline,2022-01-06,canonical_stale_null_policy
U6RATE,2022-01-06,canonical_stale_null_policy
UNRATE,2022-01-06,canonical_stale_null_policy
CPI_Core,2022-01-07,canonical_stale_null_policy
CPI_Headline,2022-01-07,canonical_stale_null_policy
CPI_Core,2022-01-10,canonical_stale_null_policy
CPI_Headline,2022-01-10,canonical_stale_null_policy
CPI_Core,2022-01-11,canonical_stale_null_policy
CPI_Headline,2022-01-11,canonical_stale_null_policy
CIVPART,2022-02-03,canonical_stale_null_policy
CPI_Core,2022-02-03,canonical_stale_null_policy
CPI_Headline,2022-02-03,canonical_stale_null_policy
U6RATE,2022-02-03,canonical_stale_null_policy
UNRATE,2022-02-03,canonical_stale_null_policy
CPI_Core,2022-02-04,canonical_stale_null_policy
CPI_Headline,2022-02-04,canonical_stale_null_policy
CPI_Core,2022-02-07,canonical_stale_null_policy
CPI_Headline,2022-02-07,canonical_stale_null_policy
CPI_Core,2022-02-08,canonical_stale_null_policy
CPI_Headline,2022-02-08,canonical_stale_null_policy
CPI_Core,2022-02-09,canonical_stale_null_policy
CPI_Headline,2022-02-09,canonical_stale_null_policy
CPI_Core,2022-03-08,canonical_stale_null_policy
CPI_Headline,2022-03-08,canonical_stale_null_policy
CPI_Core,2022-03-09,canonical_stale_null_policy
CPI_Headline,2022-03-09,canonical_stale_null_policy
CPI_Core,2022-04-06,canonical_stale_null_policy
CPI_Headline,2022-04-06,canonical_stale_null_policy
CPI_Core,2022-04-07,canonical_stale_null_policy
CPI_Headline,2022-04-07,canonical_stale_null_policy
CPI_Core,2022-04-08,canonical_stale_null_policy
CPI_Headline,2022-04-08,canonical_stale_null_policy
CPI_Core,2022-04-11,canonical_stale_null_policy
CPI_Headline,2022-04-11,canonical_stale_null_policy
CIVPART,2022-05-04,canonical_stale_null_policy
CPI_Core,2022-05-04,canonical_stale_null_policy
CPI_Headline,2022-05-04,canonical_stale_null_policy
U6RATE,2022-05-04,canonical_stale_null_policy
UNRATE,2022-05-04,canonical_stale_null_policy
CIVPART,2022-05-05,canonical_stale_null_policy
CPI_Core,2022-05-05,canonical_stale_null_policy
CPI_Headline,2022-05-05,canonical_stale_null_policy
U6RATE,2022-05-05,canonical_stale_null_policy
UNRATE,2022-05-05,canonical_stale_null_policy
CPI_Core,2022-05-06,canonical_stale_null_policy
CPI_Headline,2022-05-06,canonical_stale_null_policy
CPI_Core,2022-05-09,canonical_stale_null_policy
CPI_Headline,2022-05-09,canonical_stale_null_policy
CPI_Core,2022-05-10,canonical_stale_null_policy
CPI_Headline,2022-05-10,canonical_stale_null_policy
CPI_Core,2022-06-06,canonical_stale_null_policy
CPI_Headline,2022-06-06,canonical_stale_null_policy
CPI_Core,2022-06-07,canonical_stale_null_policy
CPI_Headline,2022-06-07,canonical_stale_null_policy
CPI_Core,2022-06-08,canonical_stale_null_policy
CPI_Headline,2022-06-08,canonical_stale_null_policy
CPI_Core,2022-06-09,canonical_stale_null_policy
CPI_Headline,2022-06-09,canonical_stale_null_policy
CIVPART,2022-07-05,canonical_stale_null_policy
CPI_Core,2022-07-05,canonical_stale_null_policy
CPI_Headline,2022-07-05,canonical_stale_null_policy
U6RATE,2022-07-05,canonical_stale_null_policy
UNRATE,2022-07-05,canonical_stale_null_policy
CIVPART,2022-07-06,canonical_stale_null_policy
CPI_Core,2022-07-06,canonical_stale_null_policy
CPI_Headline,2022-07-06,canonical_stale_null_policy
U6RATE,2022-07-06,canonical_stale_null_policy
UNRATE,2022-07-06,canonical_stale_null_policy
CIVPART,2022-07-07,canonical_stale_null_policy
CPI_Core,2022-07-07,canonical_stale_null_policy
CPI_Headline,2022-07-07,canonical_stale_null_policy
U6RATE,2022-07-07,canonical_stale_null_policy
UNRATE,2022-07-07,canonical_stale_null_policy
CPI_Core,2022-07-08,canonical_stale_null_policy
CPI_Headline,2022-07-08,canonical_stale_null_policy
CPI_Core,2022-07-11,canonical_stale_null_policy
CPI_Headline,2022-07-11,canonical_stale_null_policy
CPI_Core,2022-07-12,canonical_stale_null_policy
CPI_Headline,2022-07-12,canonical_stale_null_policy
CIVPART,2022-08-04,canonical_stale_null_policy
CPI_Core,2022-08-04,canonical_stale_null_policy
CPI_Headline,2022-08-04,canonical_stale_null_policy
U6RATE,2022-08-04,canonical_stale_null_policy
UNRATE,2022-08-04,canonical_stale_null_policy
CPI_Core,2022-08-05,canonical_stale_null_policy
CPI_Headline,2022-08-05,canonical_stale_null_policy
CPI_Core,2022-08-08,canonical_stale_null_policy
CPI_Headline,2022-08-08,canonical_stale_null_policy
CPI_Core,2022-08-09,canonical_stale_null_policy
CPI_Headline,2022-08-09,canonical_stale_null_policy
CPI_Core,2022-09-06,canonical_stale_null_policy
CPI_Headline,2022-09-06,canonical_stale_null_policy
CPI_Core,2022-09-07,canonical_stale_null_policy
CPI_Headline,2022-09-07,canonical_stale_null_policy
CPI_Core,2022-09-08,canonical_stale_null_policy
CPI_Headline,2022-09-08,canonical_stale_null_policy
CPI_Core,2022-09-09,canonical_stale_null_policy
CPI_Headline,2022-09-09,canonical_stale_null_policy
CPI_Core,2022-09-12,canonical_stale_null_policy
CPI_Headline,2022-09-12,canonical_stale_null_policy
CIVPART,2022-10-04,canonical_stale_null_policy
CPI_Core,2022-10-04,canonical_stale_null_policy
CPI_Headline,2022-10-04,canonical_stale_null_policy
U6RATE,2022-10-04,canonical_stale_null_policy
UNRATE,2022-10-04,canonical_stale_null_policy
CIVPART,2022-10-05,canonical_stale_null_policy
CPI_Core,2022-10-05,canonical_stale_null_policy
CPI_Headline,2022-10-05,canonical_stale_null_policy
U6RATE,2022-10-05,canonical_stale_null_policy
UNRATE,2022-10-05,canonical_stale_null_policy
CIVPART,2022-10-06,canonical_stale_null_policy
CPI_Core,2022-10-06,canonical_stale_null_policy
CPI_Headline,2022-10-06,canonical_stale_null_policy
U6RATE,2022-10-06,canonical_stale_null_policy
UNRATE,2022-10-06,canonical_stale_null_policy
CPI_Core,2022-10-07,canonical_stale_null_policy
CPI_Headline,2022-10-07,canonical_stale_null_policy
CPI_Core,2022-10-11,canonical_stale_null_policy
CPI_Headline,2022-10-11,canonical_stale_null_policy
CPI_Core,2022-10-12,canonical_stale_null_policy
CPI_Headline,2022-10-12,canonical_stale_null_policy
CPI_Core,2022-11-04,canonical_stale_null_policy
CPI_Headline,2022-11-04,canonical_stale_null_policy
CPI_Core,2022-11-07,canonical_stale_null_policy
CPI_Headline,2022-11-07,canonical_stale_null_policy
CPI_Core,2022-11-08,canonical_stale_null_policy
CPI_Headline,2022-11-08,canonical_stale_null_policy
CPI_Core,2022-11-09,canonical_stale_null_policy
CPI_Headline,2022-11-09,canonical_stale_null_policy
CPI_Core,2022-12-06,canonical_stale_null_policy
CPI_Headline,2022-12-06,canonical_stale_null_policy
CPI_Core,2022-12-07,canonical_stale_null_policy
CPI_Headline,2022-12-07,canonical_stale_null_policy
CPI_Core,2022-12-08,canonical_stale_null_policy
CPI_Headline,2022-12-08,canonical_stale_null_policy
CPI_Core,2022-12-09,canonical_stale_null_policy
CPI_Headline,2022-12-09,canonical_stale_null_policy
CPI_Core,2022-12-12,canonical_stale_null_policy
CPI_Headline,2022-12-12,canonical_stale_null_policy
CIVPART,2023-01-04,canonical_stale_null_policy
CPI_Core,2023-01-04,canonical_stale_null_policy
CPI_Headline,2023-01-04,canonical_stale_null_policy
U6RATE,2023-01-04,canonical_stale_null_policy
UNRATE,2023-01-04,canonical_stale_null_policy
CIVPART,2023-01-05,canonical_stale_null_policy
CPI_Core,2023-01-05,canonical_stale_null_policy
CPI_Headline,2023-01-05,canonical_stale_null_policy
U6RATE,2023-01-05,canonical_stale_null_policy
UNRATE,2023-01-05,canonical_stale_null_policy
CPI_Core,2023-01-06,canonical_stale_null_policy
CPI_Headline,2023-01-06,canonical_stale_null_policy
CPI_Core,2023-01-09,canonical_stale_null_policy
CPI_Headline,2023-01-09,canonical_stale_null_policy
CPI_Core,2023-01-10,canonical_stale_null_policy
CPI_Headline,2023-01-10,canonical_stale_null_policy
CPI_Core,2023-01-11,canonical_stale_null_policy
CPI_Headline,2023-01-11,canonical_stale_null_policy
CPI_Core,2023-02-03,canonical_stale_null_policy
CPI_Headline,2023-02-03,canonical_stale_null_policy
CPI_Core,2023-02-06,canonical_stale_null_policy
CPI_Headline,2023-02-06,canonical_stale_null_policy
CPI_Core,2023-02-07,canonical_stale_null_policy
CPI_Headline,2023-02-07,canonical_stale_null_policy
CPI_Core,2023-02-08,canonical_stale_null_policy
CPI_Headline,2023-02-08,canonical_stale_null_policy
CPI_Core,2023-02-09,canonical_stale_null_policy
CPI_Headline,2023-02-09,canonical_stale_null_policy
CPI_Core,2023-02-10,canonical_stale_null_policy
CPI_Headline,2023-02-10,canonical_stale_null_policy
CPI_Core,2023-02-13,canonical_stale_null_policy
CPI_Headline,2023-02-13,canonical_stale_null_policy
CIVPART,2023-03-07,canonical_stale_null_policy
CPI_Core,2023-03-07,canonical_stale_null_policy
CPI_Headline,2023-03-07,canonical_stale_null_policy
U6RATE,2023-03-07,canonical_stale_null_policy
UNRATE,2023-03-07,canonical_stale_null_policy
CIVPART,2023-03-08,canonical_stale_null_policy
CPI_Core,2023-03-08,canonical_stale_null_policy
CPI_Headline,2023-03-08,canonical_stale_null_policy
U6RATE,2023-03-08,canonical_stale_null_policy
UNRATE,2023-03-08,canonical_stale_null_policy
CIVPART,2023-03-09,canonical_stale_null_policy
CPI_Core,2023-03-09,canonical_stale_null_policy
CPI_Headline,2023-03-09,canonical_stale_null_policy
U6RATE,2023-03-09,canonical_stale_null_policy
UNRATE,2023-03-09,canonical_stale_null_policy
CPI_Core,2023-03-10,canonical_stale_null_policy
CPI_Headline,2023-03-10,canonical_stale_null_policy
CPI_Core,2023-03-13,canonical_stale_null_policy
CPI_Headline,2023-03-13,canonical_stale_null_policy
CIVPART,2023-04-06,canonical_stale_null_policy
CPI_Core,2023-04-06,canonical_stale_null_policy
CPI_Headline,2023-04-06,canonical_stale_null_policy
U6RATE,2023-04-06,canonical_stale_null_policy
UNRATE,2023-04-06,canonical_stale_null_policy
CPI_Core,2023-04-07,canonical_stale_null_policy
CPI_Headline,2023-04-07,canonical_stale_null_policy
CPI_Core,2023-04-10,canonical_stale_null_policy
CPI_Headline,2023-04-10,canonical_stale_null_policy
CPI_Core,2023-04-11,canonical_stale_null_policy
CPI_Headline,2023-04-11,canonical_stale_null_policy
CIVPART,2023-05-04,canonical_stale_null_policy
CPI_Core,2023-05-04,canonical_stale_null_policy
CPI_Headline,2023-05-04,canonical_stale_null_policy
U6RATE,2023-05-04,canonical_stale_null_policy
UNRATE,2023-05-04,canonical_stale_null_policy
CPI_Core,2023-05-05,canonical_stale_null_policy
CPI_Headline,2023-05-05,canonical_stale_null_policy
CPI_Core,2023-05-08,canonical_stale_null_policy
CPI_Headline,2023-05-08,canonical_stale_null_policy
CPI_Core,2023-05-09,canonical_stale_null_policy
CPI_Headline,2023-05-09,canonical_stale_null_policy
CPI_Core,2023-06-06,canonical_stale_null_policy
CPI_Headline,2023-06-06,canonical_stale_null_policy
CPI_Core,2023-06-07,canonical_stale_null_policy
CPI_Headline,2023-06-07,canonical_stale_null_policy
CPI_Core,2023-06-08,canonical_stale_null_policy
CPI_Headline,2023-06-08,canonical_stale_null_policy
CPI_Core,2023-06-09,canonical_stale_null_policy
CPI_Headline,2023-06-09,canonical_stale_null_policy
CPI_Core,2023-06-12,canonical_stale_null_policy
CPI_Headline,2023-06-12,canonical_stale_null_policy
CIVPART,2023-07-05,canonical_stale_null_policy
CPI_Core,2023-07-05,canonical_stale_null_policy
CPI_Headline,2023-07-05,canonical_stale_null_policy
U6RATE,2023-07-05,canonical_stale_null_policy
UNRATE,2023-07-05,canonical_stale_null_policy
CIVPART,2023-07-06,canonical_stale_null_policy
CPI_Core,2023-07-06,canonical_stale_null_policy
CPI_Headline,2023-07-06,canonical_stale_null_policy
U6RATE,2023-07-06,canonical_stale_null_policy
UNRATE,2023-07-06,canonical_stale_null_policy
CPI_Core,2023-07-07,canonical_stale_null_policy
CPI_Headline,2023-07-07,canonical_stale_null_policy
CPI_Core,2023-07-10,canonical_stale_null_policy
CPI_Headline,2023-07-10,canonical_stale_null_policy
CPI_Core,2023-07-11,canonical_stale_null_policy
CPI_Headline,2023-07-11,canonical_stale_null_policy
CPI_Core,2023-08-04,canonical_stale_null_policy
CPI_Headline,2023-08-04,canonical_stale_null_policy
CPI_Core,2023-08-07,canonical_stale_null_policy
CPI_Headline,2023-08-07,canonical_stale_null_policy
CPI_Core,2023-08-08,canonical_stale_null_policy
CPI_Headline,2023-08-08,canonical_stale_null_policy
CPI_Core,2023-08-09,canonical_stale_null_policy
CPI_Headline,2023-08-09,canonical_stale_null_policy
CPI_Core,2023-09-05,canonical_stale_null_policy
CPI_Headline,2023-09-05,canonical_stale_null_policy
CPI_Core,2023-09-06,canonical_stale_null_policy
CPI_Headline,2023-09-06,canonical_stale_null_policy
CPI_Core,2023-09-07,canonical_stale_null_policy
CPI_Headline,2023-09-07,canonical_stale_null_policy
CPI_Core,2023-09-08,canonical_stale_null_policy
CPI_Headline,2023-09-08,canonical_stale_null_policy
CPI_Core,2023-09-11,canonical_stale_null_policy
CPI_Headline,2023-09-11,canonical_stale_null_policy
CPI_Core,2023-09-12,canonical_stale_null_policy
CPI_Headline,2023-09-12,canonical_stale_null_policy
CIVPART,2023-10-04,canonical_stale_null_policy
CPI_Core,2023-10-04,canonical_stale_null_policy
CPI_Headline,2023-10-04,canonical_stale_null_policy
U6RATE,2023-10-04,canonical_stale_null_policy
UNRATE,2023-10-04,canonical_stale_null_policy
CIVPART,2023-10-05,canonical_stale_null_policy
CPI_Core,2023-10-05,canonical_stale_null_policy
CPI_Headline,2023-10-05,canonical_stale_null_policy
U6RATE,2023-10-05,canonical_stale_null_policy
UNRATE,2023-10-05,canonical_stale_null_policy
CPI_Core,2023-10-06,canonical_stale_null_policy
CPI_Headline,2023-10-06,canonical_stale_null_policy
CPI_Core,2023-10-10,canonical_stale_null_policy
CPI_Headline,2023-10-10,canonical_stale_null_policy
CPI_Core,2023-10-11,canonical_stale_null_policy
CPI_Headline,2023-10-11,canonical_stale_null_policy
CPI_Core,2023-11-06,canonical_stale_null_policy
CPI_Headline,2023-11-06,canonical_stale_null_policy
CPI_Core,2023-11-07,canonical_stale_null_policy
CPI_Headline,2023-11-07,canonical_stale_null_policy
CPI_Core,2023-11-08,canonical_stale_null_policy
CPI_Headline,2023-11-08,canonical_stale_null_policy
CPI_Core,2023-11-09,canonical_stale_null_policy
CPI_Headline,2023-11-09,canonical_stale_null_policy
CPI_Core,2023-11-10,canonical_stale_null_policy
CPI_Headline,2023-11-10,canonical_stale_null_policy
CPI_Core,2023-11-13,canonical_stale_null_policy
CPI_Headline,2023-11-13,canonical_stale_null_policy
CIVPART,2023-12-05,canonical_stale_null_policy
CPI_Core,2023-12-05,canonical_stale_null_policy
CPI_Headline,2023-12-05,canonical_stale_null_policy
U6RATE,2023-12-05,canonical_stale_null_policy
UNRATE,2023-12-05,canonical_stale_null_policy
CIVPART,2023-12-06,canonical_stale_null_policy
CPI_Core,2023-12-06,canonical_stale_null_policy
CPI_Headline,2023-12-06,canonical_stale_null_policy
U6RATE,2023-12-06,canonical_stale_null_policy
UNRATE,2023-12-06,canonical_stale_null_policy
CIVPART,2023-12-07,canonical_stale_null_policy
CPI_Core,2023-12-07,canonical_stale_null_policy
CPI_Headline,2023-12-07,canonical_stale_null_policy
U6RATE,2023-12-07,canonical_stale_null_policy
UNRATE,2023-12-07,canonical_stale_null_policy
CPI_Core,2023-12-08,canonical_stale_null_policy
CPI_Headline,2023-12-08,canonical_stale_null_policy
CPI_Core,2023-12-11,canonical_stale_null_policy
CPI_Headline,2023-12-11,canonical_stale_null_policy
CIVPART,2024-01-04,canonical_stale_null_policy
CPI_Core,2024-01-04,canonical_stale_null_policy
CPI_Headline,2024-01-04,canonical_stale_null_policy
U6RATE,2024-01-04,canonical_stale_null_policy
UNRATE,2024-01-04,canonical_stale_null_policy
CPI_Core,2024-01-05,canonical_stale_null_policy
CPI_Headline,2024-01-05,canonical_stale_null_policy
CPI_Core,2024-01-08,canonical_stale_null_policy
CPI_Headline,2024-01-08,canonical_stale_null_policy
CPI_Core,2024-01-09,canonical_stale_null_policy
CPI_Headline,2024-01-09,canonical_stale_null_policy
CPI_Core,2024-01-10,canonical_stale_null_policy
CPI_Headline,2024-01-10,canonical_stale_null_policy
CPI_Core,2024-02-05,canonical_stale_null_policy
CPI_Headline,2024-02-05,canonical_stale_null_policy
CPI_Core,2024-02-06,canonical_stale_null_policy
CPI_Headline,2024-02-06,canonical_stale_null_policy
CPI_Core,2024-02-07,canonical_stale_null_policy
CPI_Headline,2024-02-07,canonical_stale_null_policy
CPI_Core,2024-02-08,canonical_stale_null_policy
CPI_Headline,2024-02-08,canonical_stale_null_policy
CPI_Core,2024-02-09,canonical_stale_null_policy
CPI_Headline,2024-02-09,canonical_stale_null_policy
CPI_Core,2024-02-12,canonical_stale_null_policy
CPI_Headline,2024-02-12,canonical_stale_null_policy
CIVPART,2024-03-05,canonical_stale_null_policy
CPI_Core,2024-03-05,canonical_stale_null_policy
CPI_Headline,2024-03-05,canonical_stale_null_policy
U6RATE,2024-03-05,canonical_stale_null_policy
UNRATE,2024-03-05,canonical_stale_null_policy
CIVPART,2024-03-06,canonical_stale_null_policy
CPI_Core,2024-03-06,canonical_stale_null_policy
CPI_Headline,2024-03-06,canonical_stale_null_policy
U6RATE,2024-03-06,canonical_stale_null_policy
UNRATE,2024-03-06,canonical_stale_null_policy
CIVPART,2024-03-07,canonical_stale_null_policy
CPI_Core,2024-03-07,canonical_stale_null_policy
CPI_Headline,2024-03-07,canonical_stale_null_policy
U6RATE,2024-03-07,canonical_stale_null_policy
UNRATE,2024-03-07,canonical_stale_null_policy
CPI_Core,2024-03-08,canonical_stale_null_policy
CPI_Headline,2024-03-08,canonical_stale_null_policy
CPI_Core,2024-03-11,canonical_stale_null_policy
CPI_Headline,2024-03-11,canonical_stale_null_policy
CPI_Core,2024-04-05,canonical_stale_null_policy
CPI_Headline,2024-04-05,canonical_stale_null_policy
CPI_Core,2024-04-08,canonical_stale_null_policy
CPI_Headline,2024-04-08,canonical_stale_null_policy
CPI_Core,2024-04-09,canonical_stale_null_policy
CPI_Headline,2024-04-09,canonical_stale_null_policy
CPI_Core,2024-05-06,canonical_stale_null_policy
CPI_Headline,2024-05-06,canonical_stale_null_policy
CPI_Core,2024-05-07,canonical_stale_null_policy
CPI_Headline,2024-05-07,canonical_stale_null_policy
CPI_Core,2024-05-08,canonical_stale_null_policy
CPI_Headline,2024-05-08,canonical_stale_null_policy
CPI_Core,2024-05-09,canonical_stale_null_policy
CPI_Headline,2024-05-09,canonical_stale_null_policy
CPI_Core,2024-05-10,canonical_stale_null_policy
CPI_Headline,2024-05-10,canonical_stale_null_policy
CPI_Core,2024-05-13,canonical_stale_null_policy
CPI_Headline,2024-05-13,canonical_stale_null_policy
CPI_Core,2024-05-14,canonical_stale_null_policy
CPI_Headline,2024-05-14,canonical_stale_null_policy
CIVPART,2024-06-04,canonical_stale_null_policy
CPI_Core,2024-06-04,canonical_stale_null_policy
CPI_Headline,2024-06-04,canonical_stale_null_policy
U6RATE,2024-06-04,canonical_stale_null_policy
UNRATE,2024-06-04,canonical_stale_null_policy
CIVPART,2024-06-05,canonical_stale_null_policy
CPI_Core,2024-06-05,canonical_stale_null_policy
CPI_Headline,2024-06-05,canonical_stale_null_policy
U6RATE,2024-06-05,canonical_stale_null_policy
UNRATE,2024-06-05,canonical_stale_null_policy
CIVPART,2024-06-06,canonical_stale_null_policy
CPI_Core,2024-06-06,canonical_stale_null_policy
CPI_Headline,2024-06-06,canonical_stale_null_policy
U6RATE,2024-06-06,canonical_stale_null_policy
UNRATE,2024-06-06,canonical_stale_null_policy
CPI_Core,2024-06-07,canonical_stale_null_policy
CPI_Headline,2024-06-07,canonical_stale_null_policy
CPI_Core,2024-06-10,canonical_stale_null_policy
CPI_Headline,2024-06-10,canonical_stale_null_policy
CPI_Core,2024-06-11,canonical_stale_null_policy
CPI_Headline,2024-06-11,canonical_stale_null_policy
CPI_Core,2024-07-05,canonical_stale_null_policy
CPI_Headline,2024-07-05,canonical_stale_null_policy
CPI_Core,2024-07-08,canonical_stale_null_policy
CPI_Headline,2024-07-08,canonical_stale_null_policy
CPI_Core,2024-07-09,canonical_stale_null_policy
CPI_Headline,2024-07-09,canonical_stale_null_policy
CPI_Core,2024-07-10,canonical_stale_null_policy
CPI_Headline,2024-07-10,canonical_stale_null_policy
CPI_Core,2024-08-06,canonical_stale_null_policy
CPI_Headline,2024-08-06,canonical_stale_null_policy
CPI_Core,2024-08-07,canonical_stale_null_policy
CPI_Headline,2024-08-07,canonical_stale_null_policy
CPI_Core,2024-08-08,canonical_stale_null_policy
CPI_Headline,2024-08-08,canonical_stale_null_policy
CPI_Core,2024-08-09,canonical_stale_null_policy
CPI_Headline,2024-08-09,canonical_stale_null_policy
CPI_Core,2024-08-12,canonical_stale_null_policy
CPI_Headline,2024-08-12,canonical_stale_null_policy
CPI_Core,2024-08-13,canonical_stale_null_policy
CPI_Headline,2024-08-13,canonical_stale_null_policy
CIVPART,2024-09-03,canonical_stale_null_policy
CPI_Core,2024-09-03,canonical_stale_null_policy
CPI_Headline,2024-09-03,canonical_stale_null_policy
U6RATE,2024-09-03,canonical_stale_null_policy
UNRATE,2024-09-03,canonical_stale_null_policy
CIVPART,2024-09-04,canonical_stale_null_policy
CPI_Core,2024-09-04,canonical_stale_null_policy
CPI_Headline,2024-09-04,canonical_stale_null_policy
U6RATE,2024-09-04,canonical_stale_null_policy
UNRATE,2024-09-04,canonical_stale_null_policy
CIVPART,2024-09-05,canonical_stale_null_policy
CPI_Core,2024-09-05,canonical_stale_null_policy
CPI_Headline,2024-09-05,canonical_stale_null_policy
U6RATE,2024-09-05,canonical_stale_null_policy
UNRATE,2024-09-05,canonical_stale_null_policy
CPI_Core,2024-09-06,canonical_stale_null_policy
CPI_Headline,2024-09-06,canonical_stale_null_policy
CPI_Core,2024-09-09,canonical_stale_null_policy
CPI_Headline,2024-09-09,canonical_stale_null_policy
CPI_Core,2024-09-10,canonical_stale_null_policy
CPI_Headline,2024-09-10,canonical_stale_null_policy
CPI_Core,2024-10-04,canonical_stale_null_policy
CPI_Headline,2024-10-04,canonical_stale_null_policy
CPI_Core,2024-10-07,canonical_stale_null_policy
CPI_Headline,2024-10-07,canonical_stale_null_policy
CPI_Core,2024-10-08,canonical_stale_null_policy
CPI_Headline,2024-10-08,canonical_stale_null_policy
CPI_Core,2024-10-09,canonical_stale_null_policy
CPI_Headline,2024-10-09,canonical_stale_null_policy
CPI_Core,2024-11-05,canonical_stale_null_policy
CPI_Headline,2024-11-05,canonical_stale_null_policy
CPI_Core,2024-11-06,canonical_stale_null_policy
CPI_Headline,2024-11-06,canonical_stale_null_policy
CPI_Core,2024-11-07,canonical_stale_null_policy
CPI_Headline,2024-11-07,canonical_stale_null_policy
CPI_Core,2024-11-08,canonical_stale_null_policy
CPI_Headline,2024-11-08,canonical_stale_null_policy
CPI_Core,2024-11-12,canonical_stale_null_policy
CPI_Headline,2024-11-12,canonical_stale_null_policy
CIVPART,2024-12-04,canonical_stale_null_policy
CPI_Core,2024-12-04,canonical_stale_null_policy
CPI_Headline,2024-12-04,canonical_stale_null_policy
U6RATE,2024-12-04,canonical_stale_null_policy
UNRATE,2024-12-04,canonical_stale_null_policy
CIVPART,2024-12-05,canonical_stale_null_policy
CPI_Core,2024-12-05,canonical_stale_null_policy
CPI_Headline,2024-12-05,canonical_stale_null_policy
U6RATE,2024-12-05,canonical_stale_null_policy
UNRATE,2024-12-05,canonical_stale_null_policy
CPI_Core,2024-12-06,canonical_stale_null_policy
CPI_Headline,2024-12-06,canonical_stale_null_policy
CPI_Core,2024-12-09,canonical_stale_null_policy
CPI_Headline,2024-12-09,canonical_stale_null_policy
CPI_Core,2024-12-10,canonical_stale_null_policy
CPI_Headline,2024-12-10,canonical_stale_null_policy
CIVPART,2025-01-06,canonical_stale_null_policy
CPI_Core,2025-01-06,canonical_stale_null_policy
CPI_Headline,2025-01-06,canonical_stale_null_policy
U6RATE,2025-01-06,canonical_stale_null_policy
UNRATE,2025-01-06,canonical_stale_null_policy
CIVPART,2025-01-07,canonical_stale_null_policy
CPI_Core,2025-01-07,canonical_stale_null_policy
CPI_Headline,2025-01-07,canonical_stale_null_policy
U6RATE,2025-01-07,canonical_stale_null_policy
UNRATE,2025-01-07,canonical_stale_null_policy
CIVPART,2025-01-08,canonical_stale_null_policy
CPI_Core,2025-01-08,canonical_stale_null_policy
CPI_Headline,2025-01-08,canonical_stale_null_policy
U6RATE,2025-01-08,canonical_stale_null_policy
UNRATE,2025-01-08,canonical_stale_null_policy
CIVPART,2025-01-09,canonical_stale_null_policy
CPI_Core,2025-01-09,canonical_stale_null_policy
CPI_Headline,2025-01-09,canonical_stale_null_policy
U6RATE,2025-01-09,canonical_stale_null_policy
UNRATE,2025-01-09,canonical_stale_null_policy
CPI_Core,2025-01-10,canonical_stale_null_policy
CPI_Headline,2025-01-10,canonical_stale_null_policy
CPI_Core,2025-01-13,canonical_stale_null_policy
CPI_Headline,2025-01-13,canonical_stale_null_policy
CPI_Core,2025-01-14,canonical_stale_null_policy
CPI_Headline,2025-01-14,canonical_stale_null_policy
CIVPART,2025-02-04,canonical_stale_null_policy
CPI_Core,2025-02-04,canonical_stale_null_policy
CPI_Headline,2025-02-04,canonical_stale_null_policy
U6RATE,2025-02-04,canonical_stale_null_policy
UNRATE,2025-02-04,canonical_stale_null_policy
CIVPART,2025-02-05,canonical_stale_null_policy
CPI_Core,2025-02-05,canonical_stale_null_policy
CPI_Headline,2025-02-05,canonical_stale_null_policy
U6RATE,2025-02-05,canonical_stale_null_policy
UNRATE,2025-02-05,canonical_stale_null_policy
CIVPART,2025-02-06,canonical_stale_null_policy
CPI_Core,2025-02-06,canonical_stale_null_policy
CPI_Headline,2025-02-06,canonical_stale_null_policy
U6RATE,2025-02-06,canonical_stale_null_policy
UNRATE,2025-02-06,canonical_stale_null_policy
CPI_Core,2025-02-07,canonical_stale_null_policy
CPI_Headline,2025-02-07,canonical_stale_null_policy
CPI_Core,2025-02-10,canonical_stale_null_policy
CPI_Headline,2025-02-10,canonical_stale_null_policy
CPI_Core,2025-02-11,canonical_stale_null_policy
CPI_Headline,2025-02-11,canonical_stale_null_policy
CIVPART,2025-03-06,canonical_stale_null_policy
CPI_Core,2025-03-06,canonical_stale_null_policy
CPI_Headline,2025-03-06,canonical_stale_null_policy
U6RATE,2025-03-06,canonical_stale_null_policy
UNRATE,2025-03-06,canonical_stale_null_policy
CPI_Core,2025-03-07,canonical_stale_null_policy
CPI_Headline,2025-03-07,canonical_stale_null_policy
CPI_Core,2025-03-10,canonical_stale_null_policy
CPI_Headline,2025-03-10,canonical_stale_null_policy
CPI_Core,2025-03-11,canonical_stale_null_policy
CPI_Headline,2025-03-11,canonical_stale_null_policy
CPI_Core,2025-04-08,canonical_stale_null_policy
CPI_Headline,2025-04-08,canonical_stale_null_policy
CPI_Core,2025-04-09,canonical_stale_null_policy
CPI_Headline,2025-04-09,canonical_stale_null_policy
CPI_Core,2025-05-06,canonical_stale_null_policy
CPI_Headline,2025-05-06,canonical_stale_null_policy
CPI_Core,2025-05-07,canonical_stale_null_policy
CPI_Headline,2025-05-07,canonical_stale_null_policy
CPI_Core,2025-05-08,canonical_stale_null_policy
CPI_Headline,2025-05-08,canonical_stale_null_policy
CPI_Core,2025-05-09,canonical_stale_null_policy
CPI_Headline,2025-05-09,canonical_stale_null_policy
CPI_Core,2025-05-12,canonical_stale_null_policy
CPI_Headline,2025-05-12,canonical_stale_null_policy
CIVPART,2025-06-04,canonical_stale_null_policy
CPI_Core,2025-06-04,canonical_stale_null_policy
CPI_Headline,2025-06-04,canonical_stale_null_policy
U6RATE,2025-06-04,canonical_stale_null_policy
UNRATE,2025-06-04,canonical_stale_null_policy
CIVPART,2025-06-05,canonical_stale_null_policy
CPI_Core,2025-06-05,canonical_stale_null_policy
CPI_Headline,2025-06-05,canonical_stale_null_policy
U6RATE,2025-06-05,canonical_stale_null_policy
UNRATE,2025-06-05,canonical_stale_null_policy
CPI_Core,2025-06-06,canonical_stale_null_policy
CPI_Headline,2025-06-06,canonical_stale_null_policy
CPI_Core,2025-06-09,canonical_stale_null_policy
CPI_Headline,2025-06-09,canonical_stale_null_policy
CPI_Core,2025-06-10,canonical_stale_null_policy
CPI_Headline,2025-06-10,canonical_stale_null_policy
CPI_Core,2025-07-07,canonical_stale_null_policy
CPI_Headline,2025-07-07,canonical_stale_null_policy
CPI_Core,2025-07-08,canonical_stale_null_policy
CPI_Headline,2025-07-08,canonical_stale_null_policy
CPI_Core,2025-07-09,canonical_stale_null_policy
CPI_Headline,2025-07-09,canonical_stale_null_policy
CPI_Core,2025-07-10,canonical_stale_null_policy
CPI_Headline,2025-07-10,canonical_stale_null_policy
CPI_Core,2025-07-11,canonical_stale_null_policy
CPI_Headline,2025-07-11,canonical_stale_null_policy
CPI_Core,2025-07-14,canonical_stale_null_policy
CPI_Headline,2025-07-14,canonical_stale_null_policy
CPI_Core,2025-08-05,canonical_stale_null_policy
CPI_Headline,2025-08-05,canonical_stale_null_policy
CPI_Core,2025-08-06,canonical_stale_null_policy
CPI_Headline,2025-08-06,canonical_stale_null_policy
CPI_Core,2025-08-07,canonical_stale_null_policy
CPI_Headline,2025-08-07,canonical_stale_null_policy
CPI_Core,2025-08-08,canonical_stale_null_policy
CPI_Headline,2025-08-08,canonical_stale_null_policy
CPI_Core,2025-08-11,canonical_stale_null_policy
CPI_Headline,2025-08-11,canonical_stale_null_policy
CIVPART,2025-09-03,canonical_stale_null_policy
CPI_Core,2025-09-03,canonical_stale_null_policy
CPI_Headline,2025-09-03,canonical_stale_null_policy
U6RATE,2025-09-03,canonical_stale_null_policy
UNRATE,2025-09-03,canonical_stale_null_policy
CIVPART,2025-09-04,canonical_stale_null_policy
CPI_Core,2025-09-04,canonical_stale_null_policy
CPI_Headline,2025-09-04,canonical_stale_null_policy
U6RATE,2025-09-04,canonical_stale_null_policy
UNRATE,2025-09-04,canonical_stale_null_policy
CPI_Core,2025-09-05,canonical_stale_null_policy
CPI_Headline,2025-09-05,canonical_stale_null_policy
CPI_Core,2025-09-08,canonical_stale_null_policy
CPI_Headline,2025-09-08,canonical_stale_null_policy
CPI_Core,2025-09-09,canonical_stale_null_policy
CPI_Headline,2025-09-09,canonical_stale_null_policy
CPI_Core,2025-09-10,canonical_stale_null_policy
CPI_Headline,2025-09-10,canonical_stale_null_policy
CIVPART,2025-10-06,canonical_stale_null_policy
CPI_Core,2025-10-06,canonical_stale_null_policy
CPI_Headline,2025-10-06,canonical_stale_null_policy
U6RATE,2025-10-06,canonical_stale_null_policy
UNRATE,2025-10-06,canonical_stale_null_policy
CIVPART,2025-10-07,canonical_stale_null_policy
CPI_Core,2025-10-07,canonical_stale_null_policy
CPI_Headline,2025-10-07,canonical_stale_null_policy
ICSA,2025-10-07,canonical_stale_null_policy
U6RATE,2025-10-07,canonical_stale_null_policy
UNRATE,2025-10-07,canonical_stale_null_policy
CIVPART,2025-10-08,canonical_stale_null_policy
CPI_Core,2025-10-08,canonical_stale_null_policy
CPI_Headline,2025-10-08,canonical_stale_null_policy
ICSA,2025-10-08,canonical_stale_null_policy
U6RATE,2025-10-08,canonical_stale_null_policy
UNRATE,2025-10-08,canonical_stale_null_policy
CIVPART,2025-10-09,canonical_stale_null_policy
CPI_Core,2025-10-09,canonical_stale_null_policy
CPI_Headline,2025-10-09,canonical_stale_null_policy
ICSA,2025-10-09,canonical_stale_null_policy
U6RATE,2025-10-09,canonical_stale_null_policy
UNRATE,2025-10-09,canonical_stale_null_policy
CIVPART,2025-10-10,canonical_stale_null_policy
CPI_Core,2025-10-10,canonical_stale_null_policy
CPI_Headline,2025-10-10,canonical_stale_null_policy
U6RATE,2025-10-10,canonical_stale_null_policy
UNRATE,2025-10-10,canonical_stale_null_policy
CIVPART,2025-10-14,canonical_stale_null_policy
CPI_Core,2025-10-14,canonical_stale_null_policy
CPI_Headline,2025-10-14,canonical_stale_null_policy
U6RATE,2025-10-14,canonical_stale_null_policy
UNRATE,2025-10-14,canonical_stale_null_policy
CIVPART,2025-10-15,canonical_stale_null_policy
CPI_Core,2025-10-15,canonical_stale_null_policy
CPI_Headline,2025-10-15,canonical_stale_null_policy
U6RATE,2025-10-15,canonical_stale_null_policy
UNRATE,2025-10-15,canonical_stale_null_policy
CIVPART,2025-10-16,canonical_stale_null_policy
CPI_Core,2025-10-16,canonical_stale_null_policy
CPI_Headline,2025-10-16,canonical_stale_null_policy
U6RATE,2025-10-16,canonical_stale_null_policy
UNRATE,2025-10-16,canonical_stale_null_policy
CIVPART,2025-10-17,canonical_stale_null_policy
CPI_Core,2025-10-17,canonical_stale_null_policy
CPI_Headline,2025-10-17,canonical_stale_null_policy
U6RATE,2025-10-17,canonical_stale_null_policy
UNRATE,2025-10-17,canonical_stale_null_policy
CIVPART,2025-10-20,canonical_stale_null_policy
CPI_Core,2025-10-20,canonical_stale_null_policy
CPI_Headline,2025-10-20,canonical_stale_null_policy
U6RATE,2025-10-20,canonical_stale_null_policy
UNRATE,2025-10-20,canonical_stale_null_policy
CIVPART,2025-10-21,canonical_stale_null_policy
CPI_Core,2025-10-21,canonical_stale_null_policy
CPI_Headline,2025-10-21,canonical_stale_null_policy
U6RATE,2025-10-21,canonical_stale_null_policy
UNRATE,2025-10-21,canonical_stale_null_policy
CIVPART,2025-10-22,canonical_stale_null_policy
CPI_Core,2025-10-22,canonical_stale_null_policy
CPI_Headline,2025-10-22,canonical_stale_null_policy
U6RATE,2025-10-22,canonical_stale_null_policy
UNRATE,2025-10-22,canonical_stale_null_policy
CIVPART,2025-10-23,canonical_stale_null_policy
CPI_Core,2025-10-23,canonical_stale_null_policy
CPI_Headline,2025-10-23,canonical_stale_null_policy
U6RATE,2025-10-23,canonical_stale_null_policy
UNRATE,2025-10-23,canonical_stale_null_policy
CIVPART,2025-10-24,canonical_stale_null_policy
U6RATE,2025-10-24,canonical_stale_null_policy
UNRATE,2025-10-24,canonical_stale_null_policy
CIVPART,2025-10-27,canonical_stale_null_policy
U6RATE,2025-10-27,canonical_stale_null_policy
UNRATE,2025-10-27,canonical_stale_null_policy
CIVPART,2025-10-28,canonical_stale_null_policy
U6RATE,2025-10-28,canonical_stale_null_policy
UNRATE,2025-10-28,canonical_stale_null_policy
CIVPART,2025-10-29,canonical_stale_null_policy
U6RATE,2025-10-29,canonical_stale_null_policy
UNRATE,2025-10-29,canonical_stale_null_policy
CIVPART,2025-10-30,canonical_stale_null_policy
U6RATE,2025-10-30,canonical_stale_null_policy
UNRATE,2025-10-30,canonical_stale_null_policy
CIVPART,2025-10-31,canonical_stale_null_policy
U6RATE,2025-10-31,canonical_stale_null_policy
UNRATE,2025-10-31,canonical_stale_null_policy
CIVPART,2025-11-03,canonical_stale_null_policy
U6RATE,2025-11-03,canonical_stale_null_policy
UNRATE,2025-11-03,canonical_stale_null_policy
CIVPART,2025-11-04,canonical_stale_null_policy
CPI_Core,2025-11-04,canonical_stale_null_policy
CPI_Headline,2025-11-04,canonical_stale_null_policy
U6RATE,2025-11-04,canonical_stale_null_policy
UNRATE,2025-11-04,canonical_stale_null_policy
CIVPART,2025-11-05,canonical_stale_null_policy
CPI_Core,2025-11-05,canonical_stale_null_policy
CPI_Headline,2025-11-05,canonical_stale_null_policy
U6RATE,2025-11-05,canonical_stale_null_policy
UNRATE,2025-11-05,canonical_stale_null_policy
CIVPART,2025-11-06,canonical_stale_null_policy
CPI_Core,2025-11-06,canonical_stale_null_policy
CPI_Headline,2025-11-06,canonical_stale_null_policy
U6RATE,2025-11-06,canonical_stale_null_policy
UNRATE,2025-11-06,canonical_stale_null_policy
CIVPART,2025-11-07,canonical_stale_null_policy
CPI_Core,2025-11-07,canonical_stale_null_policy
CPI_Headline,2025-11-07,canonical_stale_null_policy
U6RATE,2025-11-07,canonical_stale_null_policy
UNRATE,2025-11-07,canonical_stale_null_policy
CPI_Core,2025-11-10,canonical_stale_null_policy
CPI_Headline,2025-11-10,canonical_stale_null_policy
CPI_Core,2025-11-12,canonical_stale_null_policy
CPI_Headline,2025-11-12,canonical_stale_null_policy
CPI_Core,2025-11-13,canonical_stale_null_policy
CPI_Headline,2025-11-13,canonical_stale_null_policy
CPI_Core,2025-11-14,canonical_stale_null_policy
CPI_Headline,2025-11-14,canonical_stale_null_policy
CPI_Core,2025-11-17,canonical_stale_null_policy
CPI_Headline,2025-11-17,canonical_stale_null_policy
CPI_Core,2025-11-18,canonical_stale_null_policy
CPI_Headline,2025-11-18,canonical_stale_null_policy
CPI_Core,2025-11-19,canonical_stale_null_policy
CPI_Headline,2025-11-19,canonical_stale_null_policy
CIVPART,2025-11-20,canonical_stale_null_policy
CPI_Core,2025-11-20,canonical_stale_null_policy
CPI_Headline,2025-11-20,canonical_stale_null_policy
U6RATE,2025-11-20,canonical_stale_null_policy
UNRATE,2025-11-20,canonical_stale_null_policy
CIVPART,2025-11-21,canonical_stale_null_policy
CPI_Core,2025-11-21,canonical_stale_null_policy
CPI_Headline,2025-11-21,canonical_stale_null_policy
U6RATE,2025-11-21,canonical_stale_null_policy
UNRATE,2025-11-21,canonical_stale_null_policy
CIVPART,2025-11-24,canonical_stale_null_policy
CPI_Core,2025-11-24,canonical_stale_null_policy
CPI_Headline,2025-11-24,canonical_stale_null_policy
U6RATE,2025-11-24,canonical_stale_null_policy
UNRATE,2025-11-24,canonical_stale_null_policy
CIVPART,2025-11-25,canonical_stale_null_policy
CPI_Core,2025-11-25,canonical_stale_null_policy
CPI_Headline,2025-11-25,canonical_stale_null_policy
U6RATE,2025-11-25,canonical_stale_null_policy
UNRATE,2025-11-25,canonical_stale_null_policy
CIVPART,2025-11-26,canonical_stale_null_policy
CPI_Core,2025-11-26,canonical_stale_null_policy
CPI_Headline,2025-11-26,canonical_stale_null_policy
U6RATE,2025-11-26,canonical_stale_null_policy
UNRATE,2025-11-26,canonical_stale_null_policy
CIVPART,2025-11-28,canonical_stale_null_policy
CPI_Core,2025-11-28,canonical_stale_null_policy
CPI_Headline,2025-11-28,canonical_stale_null_policy
U6RATE,2025-11-28,canonical_stale_null_policy
UNRATE,2025-11-28,canonical_stale_null_policy
CIVPART,2025-12-01,canonical_stale_null_policy
CPI_Core,2025-12-01,canonical_stale_null_policy
CPI_Headline,2025-12-01,canonical_stale_null_policy
U6RATE,2025-12-01,canonical_stale_null_policy
UNRATE,2025-12-01,canonical_stale_null_policy
CIVPART,2025-12-02,canonical_stale_null_policy
CPI_Core,2025-12-02,canonical_stale_null_policy
CPI_Headline,2025-12-02,canonical_stale_null_policy
U6RATE,2025-12-02,canonical_stale_null_policy
UNRATE,2025-12-02,canonical_stale_null_policy
CIVPART,2025-12-03,canonical_stale_null_policy
CPI_Core,2025-12-03,canonical_stale_null_policy
CPI_Headline,2025-12-03,canonical_stale_null_policy
U6RATE,2025-12-03,canonical_stale_null_policy
UNRATE,2025-12-03,canonical_stale_null_policy
CIVPART,2025-12-04,canonical_stale_null_policy
CPI_Core,2025-12-04,canonical_stale_null_policy
CPI_Headline,2025-12-04,canonical_stale_null_policy
U6RATE,2025-12-04,canonical_stale_null_policy
UNRATE,2025-12-04,canonical_stale_null_policy
CIVPART,2025-12-05,canonical_stale_null_policy
CPI_Core,2025-12-05,canonical_stale_null_policy
CPI_Headline,2025-12-05,canonical_stale_null_policy
U6RATE,2025-12-05,canonical_stale_null_policy
UNRATE,2025-12-05,canonical_stale_null_policy
CIVPART,2025-12-08,canonical_stale_null_policy
CPI_Core,2025-12-08,canonical_stale_null_policy
CPI_Headline,2025-12-08,canonical_stale_null_policy
U6RATE,2025-12-08,canonical_stale_null_policy
UNRATE,2025-12-08,canonical_stale_null_policy
CIVPART,2025-12-09,canonical_stale_null_policy
CPI_Core,2025-12-09,canonical_stale_null_policy
CPI_Headline,2025-12-09,canonical_stale_null_policy
U6RATE,2025-12-09,canonical_stale_null_policy
UNRATE,2025-12-09,canonical_stale_null_policy
CIVPART,2025-12-10,canonical_stale_null_policy
CPI_Core,2025-12-10,canonical_stale_null_policy
CPI_Headline,2025-12-10,canonical_stale_null_policy
U6RATE,2025-12-10,canonical_stale_null_policy
UNRATE,2025-12-10,canonical_stale_null_policy
CIVPART,2025-12-11,canonical_stale_null_policy
CPI_Core,2025-12-11,canonical_stale_null_policy
CPI_Headline,2025-12-11,canonical_stale_null_policy
U6RATE,2025-12-11,canonical_stale_null_policy
UNRATE,2025-12-11,canonical_stale_null_policy
CIVPART,2025-12-12,canonical_stale_null_policy
CPI_Core,2025-12-12,canonical_stale_null_policy
CPI_Headline,2025-12-12,canonical_stale_null_policy
U6RATE,2025-12-12,canonical_stale_null_policy
UNRATE,2025-12-12,canonical_stale_null_policy
CIVPART,2025-12-15,canonical_stale_null_policy
CPI_Core,2025-12-15,canonical_stale_null_policy
CPI_Headline,2025-12-15,canonical_stale_null_policy
U6RATE,2025-12-15,canonical_stale_null_policy
UNRATE,2025-12-15,canonical_stale_null_policy
CPI_Core,2025-12-16,canonical_stale_null_policy
CPI_Headline,2025-12-16,canonical_stale_null_policy
CPI_Core,2025-12-17,canonical_stale_null_policy
CPI_Headline,2025-12-17,canonical_stale_null_policy
